Band Distance,Enrichment_Score
6.425,2.283622053
13.275,1.50238411
20.125,1.102493601
26.975,0.940110609
33.825,0.867848726
40.675,0.858592714
47.525,0.807961347
54.375,0.706870538
61.225,0.631313579
68.075,0.561556789
74.925,0.537786419
81.775,0.524526929
88.625,0.524555686
95.475,0.522198548
102.325,0.541547402
109.175,0.552849235
116.025,0.527639282