Band Distance,Enrichment_Score
6.425,0.695306116
13.275,0.76918214
20.125,0.881923239
26.975,0.978542848
33.825,1.096980038
40.675,1.087127588
47.525,1.140986746
54.375,1.214915317
61.225,1.341651001
68.075,1.483441153
74.925,1.535264504
81.775,1.516015778
88.625,1.532894085
95.475,1.498559315
102.325,1.407810627
109.175,1.325714953
116.025,1.300171672