Band Distance,Enrichment_Score
6.425,0.595114527
13.275,0.792680087
20.125,0.90245846
26.975,1.011593668
33.825,1.095559621
40.675,1.105784197
47.525,1.150433709
54.375,1.266920995
61.225,1.362373679
68.075,1.475328616
74.925,1.522755762
81.775,1.541057902
88.625,1.532534604
95.475,1.528447329
102.325,1.487595188
109.175,1.451544006
116.025,1.465999302