Band Distance,Enrichment_Score
6.425,0.655853771
13.275,0.830903409
20.125,0.928862926
26.975,1.007292712
33.825,1.080022001
40.675,1.13570167
47.525,1.19371142
54.375,1.274047037
61.225,1.402864007
68.075,1.497052681
74.925,1.55829976
81.775,1.649171529
88.625,1.743152605
95.475,1.783474126
102.325,1.768662069
109.175,1.741045636
116.025,1.803427937