Band Distance,Enrichment_Score
6.425,0.601735217
13.275,0.814586143
20.125,0.934789487
26.975,1.063286835
33.825,1.158942411
40.675,1.137852136
47.525,1.163842422
54.375,1.222246017
61.225,1.31544
68.075,1.430409721
74.925,1.518816014
81.775,1.592954553
88.625,1.689277696
95.475,1.805327304
102.325,1.91244878
109.175,2.054951255
116.025,2.413379717