Band Distance,Enrichment_Score
6.425,0.733994264
13.275,1.093702908
20.125,1.087007436
26.975,1.034258861
33.825,1.081760966
40.675,1.077132706
47.525,1.08437732
54.375,1.098778378
61.225,1.129136536
68.075,1.200531349
74.925,1.256952127
81.775,1.304484938
88.625,1.356630483
95.475,1.38770571
102.325,1.475482569
109.175,1.601008829
116.025,1.95617208