Band Distance,Enrichment_Score
6.425,1.084519451
13.275,1.032992743
20.125,1.064501519
26.975,1.041211786
33.825,0.995024703
40.675,0.953505784
47.525,0.962573817
54.375,0.988420935
61.225,1.051261222
68.075,1.082880554
74.925,1.09673832
81.775,1.119102967
88.625,1.11951245
95.475,1.095548535
102.325,1.058163803
109.175,1.0611099
116.025,1.1814814