Band Distance,Enrichment_Score
6.425,2.660080703
13.275,1.547701696
20.125,1.251143239
26.975,0.961834082
33.825,0.81995055
40.675,0.838823231
47.525,0.784825371
54.375,0.690576602
61.225,0.608101479
68.075,0.526965186
74.925,0.481686357
81.775,0.455154273
88.625,0.423357234
95.475,0.38999442
102.325,0.365740383
109.175,0.340333412
116.025,0.284625611