Band Distance,Enrichment_Score
6.425,2.493642404
13.275,1.552897312
20.125,1.127544165
26.975,1.009170297
33.825,0.839643744
40.675,0.860294551
47.525,0.79571417
54.375,0.728897088
61.225,0.619337721
68.075,0.533245188
74.925,0.508032991
81.775,0.51321575
88.625,0.497832207
95.475,0.509351166
102.325,0.547460987
109.175,0.580336471
116.025,0.582918783