Band Distance,Enrichment_Score
6.425,3.088594132
13.275,1.355514054
20.125,1.050774473
26.975,0.936959843
33.825,0.824556755
40.675,0.782469262
47.525,0.737879498
54.375,0.671165417
61.225,0.579878812
68.075,0.52792341
74.925,0.496970054
81.775,0.450518852
88.625,0.408537575
95.475,0.389227873
102.325,0.382993753
109.175,0.380056803
116.025,0.355899298