Band Distance,Enrichment_Score
6.425,2.251570403
13.275,1.263216369
20.125,1.052804945
26.975,0.958421946
33.825,0.87767725
40.675,0.926484329
47.525,0.834916939
54.375,0.733133393
61.225,0.641094496
68.075,0.573514087
74.925,0.539801678
81.775,0.515340499
88.625,0.502606681
95.475,0.4969778
102.325,0.470825597
109.175,0.45774621
116.025,0.38842409