Band Distance,Enrichment_Score
6.425,2.44646965
13.275,1.104155047
20.125,1.056350854
26.975,0.993226962
33.825,0.863808375
40.675,0.859499136
47.525,0.812814922
54.375,0.766164303
61.225,0.712600579
68.075,0.630636006
74.925,0.582473756
81.775,0.555583586
88.625,0.528783906
95.475,0.517149618
102.325,0.487022001
109.175,0.453066552
116.025,0.379595488