Band Distance,Enrichment_Score
6.425,1.911548596
13.275,1.20785779
20.125,1.018234783
26.975,0.964790834
33.825,0.956228328
40.675,0.948505297
47.525,0.83834099
54.375,0.759826786
61.225,0.670964696
68.075,0.638682241
74.925,0.637176954
81.775,0.650739439
88.625,0.685034215
95.475,0.721981943
102.325,0.730047728
109.175,0.762195158
116.025,0.654320503