Band Distance,Enrichment_Score
6.425,1.701062317
13.275,1.387696832
20.125,1.069457589
26.975,0.966377254
33.825,0.969834807
40.675,1.010503946
47.525,0.931340689
54.375,0.865626804
61.225,0.756114503
68.075,0.70153835
74.925,0.673983158
81.775,0.648357042
88.625,0.643722593
95.475,0.659609474
102.325,0.694397558
109.175,0.699089705
116.025,0.613416523