Band Distance,Enrichment_Score
6.425,0.593412698
13.275,0.722590874
20.125,0.881872111
26.975,0.994305597
33.825,1.036650259
40.675,1.038514719
47.525,1.119097217
54.375,1.178183006
61.225,1.288085164
68.075,1.365762187
74.925,1.415993909
81.775,1.454786766
88.625,1.467758952
95.475,1.457341665
102.325,1.419471331
109.175,1.403079417
116.025,1.471803867