Band Distance,Enrichment_Score
6.425,0.78883704
13.275,0.831643144
20.125,0.866161033
26.975,0.978743148
33.825,1.063471841
40.675,1.056372564
47.525,1.111173403
54.375,1.225822972
61.225,1.329073371
68.075,1.467603744
74.925,1.557592543
81.775,1.604132479
88.625,1.672855493
95.475,1.759276537
102.325,1.823405303
109.175,1.888919744
116.025,2.11600105