Band Distance,Enrichment_Score
6.425,0.67614645
13.275,0.834847334
20.125,0.874845249
26.975,0.97377648
33.825,1.075914025
40.675,1.086362525
47.525,1.147133794
54.375,1.210174875
61.225,1.280931068
68.075,1.395768524
74.925,1.47229866
81.775,1.506090573
88.625,1.543450144
95.475,1.552895406
102.325,1.580533587
109.175,1.606178779
116.025,1.693097064