Band Distance,Enrichment_Score
6.425,0.613994112
13.275,0.799646425
20.125,0.898742818
26.975,0.981828878
33.825,1.063890095
40.675,1.05160703
47.525,1.141279608
54.375,1.26309324
61.225,1.386994794
68.075,1.502416278
74.925,1.575783955
81.775,1.615864423
88.625,1.633430639
95.475,1.634822291
102.325,1.676815621
109.175,1.643588642
116.025,1.707158944