Band Distance,Enrichment_Score
6.425,0.672610623
13.275,0.77706961
20.125,0.888101748
26.975,0.981045136
33.825,1.003131357
40.675,1.030553732
47.525,1.138375746
54.375,1.23547076
61.225,1.366501275
68.075,1.442868727
74.925,1.465691083
81.775,1.456738122
88.625,1.437162302
95.475,1.419045236
102.325,1.407471532
109.175,1.332853858
116.025,1.265337436