Band Distance,Enrichment_Score
6.425,0.7057592
13.275,0.879358672
20.125,1.010692329
26.975,1.012761628
33.825,1.09400404
40.675,1.075309157
47.525,1.115938571
54.375,1.157981501
61.225,1.274233929
68.075,1.393934964
74.925,1.435612441
81.775,1.434177958
88.625,1.476605083
95.475,1.465006763
102.325,1.418835311
109.175,1.398859797
116.025,1.419138483