Band Distance,Enrichment_Score
6.425,0.853362445
13.275,1.007353047
20.125,1.05987648
26.975,1.063756812
33.825,1.07552401
40.675,1.027924172
47.525,1.058581594
54.375,1.108046028
61.225,1.184337556
68.075,1.257212323
74.925,1.296840446
81.775,1.343356539
88.625,1.373110674
95.475,1.391984435
102.325,1.458625065
109.175,1.543424224
116.025,1.873378481