Band Distance,Enrichment_Score
6.425,0.874363914
13.275,0.875499334
20.125,1.008434524
26.975,1.05266135
33.825,1.057182089
40.675,1.059586625
47.525,1.088436007
54.375,1.15165191
61.225,1.22675006
68.075,1.312440018
74.925,1.344897498
81.775,1.372667046
88.625,1.37980309
95.475,1.391329617
102.325,1.362997006
109.175,1.359490882
116.025,1.42957544