Band Distance,Enrichment_Score
6.425,0.667981424
13.275,0.9090531
20.125,1.026009968
26.975,1.060926427
33.825,1.133645561
40.675,1.142317154
47.525,1.161826393
54.375,1.216836231
61.225,1.323331792
68.075,1.39959877
74.925,1.456476378
81.775,1.571905745
88.625,1.704931091
95.475,1.785716054
102.325,1.843562942
109.175,1.895270195
116.025,2.015706298