Band Distance,Enrichment_Score
6.425,0.865130515
13.275,1.08371063
20.125,1.110482155
26.975,1.057366037
33.825,1.043170226
40.675,1.023751786
47.525,1.056551857
54.375,1.087232163
61.225,1.138695411
68.075,1.147204783
74.925,1.134247426
81.775,1.113062049
88.625,1.062686787
95.475,1.013855921
102.325,1.008820877
109.175,1.010272295
116.025,1.262967176